Variant,Clean Company
 Bloomberg,Bloomberg
 Bloomberg ,Bloomberg
 Bloomberg LP,Bloomberg
 Credit Karma,Credit Karma
Â Google,Google
 Northrop Grumman,Northrop Grumman
 Nvidia,Nvidia
 VMware,VMware
10x Genomics,10x Genomics
23andMe,23andMe
2U,2U
3m,3m
3M,3m
7-Eleven,7-Eleven
7-eleven,7-Eleven
8x8,8x8
ABB,ABB
ABB ,ABB
Abbott,Abbott
Abbott ,Abbott
Accenture,Accenture
Accenture ,Accenture
Acorns,Acorns
Acquia,Acquia
Acquia ,Acquia
ActionIQ,ActionIQ
ActiveCampaign,ActiveCampaign
Activecampaign,ActiveCampaign
Activision,Activision
Addepar,Addepar
Adevinta,Adevinta
adidas,Adidas
Adidas,Adidas
Adobe,Adobe
adobe,Adobe
Adobe ,Adobe
ADP,ADP
Adyen,Adyen
Adyen ,Adyen
Aetna,Aetna
Affirm,Affirm
Afterpay,Afterpay
Agoda,Agoda
agoda,Agoda
AIG,AIG
Airbnb,Airbnb
airbnb,Airbnb
Airbnb ,Airbnb
Airbus,Airbus
airbus,Airbus
Airtable,Airtable
Airtel India,Airtel India
Akamai,Akamai Technologies
akamai,Akamai Technologies
Akamai Technologies,Akamai Technologies
Akamai Technologies ,Akamai Technologies
Akuna Capital,Akuna Capital
Alarm.com,Alarm.com
Alaska Airlines,Alaska Airlines
Alation,Alation
Albertsons,Albertsons
Algolia,Algolia
Alibaba,Alibaba
alibaba,Alibaba
Align Technology,Align Technology
Align technology,Align Technology
Allianz,Allianz
Allstate,Allstate
Ally,Ally
Alphasights,Alphasights
AlphaSights,Alphasights
Alteryx,Alteryx
Altran,Altran
altran,Altran
Ama,Ama
Amadeus,Amadeus
Amazon,Amazon
amazon,Amazon
AMAZON,Amazon
AMazon,Amazon
amazon ,Amazon
Amazon ,Amazon
Amazon  ,Amazon
Amazon web services,Amazon Web Services
Amazon Web Services,Amazon Web Services
Amazon.com,Amazon
AMD,AMD
Amd,AMD
AMD ,AMD
Amdocs,Amdocs
American airlines,American Airlines
american airlines,American Airlines
American Airlines,American Airlines
American Express,American Express
American express,American Express
american express,American Express
American Express ,American Express
American Family Insurance,American Family Insurance
american family insurance,American Family Insurance
American family insurance ,American Family Insurance
amgen,Amgen
Amgen,Amgen
Amobee,Amobee
Amplitude,Amplitude
amplitude,Amplitude
amzon,Amazon
Amzon,Amazon
Analog Devices,Analog Devices
analog devices ,Analog Devices
Analog Devices ,Analog Devices
Anaplan,Anaplan
Ancestry,Ancestry
Andela,Andela
Anduril Industries,Anduril Industries
Anonymous,Anonymous
ANSYS,ANSYS
Ansys,ANSYS
AppDirect,AppDirect
Appdynamics,Appdynamics
AppDynamics,Appdynamics
AppDynamics ,AppDynamics
AppFolio,AppFolio
Appfolio,AppFolio
Appian,Appian
Appier,Appier
Apple,Apple
apple,Apple
APPLE,Apple
Apple ,Apple
Apple Inc.,Apple
Applied Materials,Applied Materials
Applied materials,Applied Materials
applied materials,Applied Materials
Applied materials ,Applied materials
Applied Materials ,Applied materials
Applovin,Applovin
AppLovin,Applovin
Apptio,Apptio
apptio,Apptio
Apptio ,Apptio
Aptiv,Aptiv
Arcesium,Arcesium
Argo AI,Argo AI
argo ai,Argo AI
Arista,Arista
arista,Arista
Arista Networks,Arista Networks
Arm,ARM
ARM,ARM
arm,ARM
Arrival,Arrival
ARUBA,ARUBA
Aruba,ARUBA
Aruba Networks,ARUBA
Aruba networks,ARUBA
Asana,Asana
ASML,ASML
Astrazeneca,Astrazeneca
AstraZeneca,Astrazeneca
Asurion,Asurion
Asurion ,Asurion
Asus,Asus
ASUS,Asus
AT Kearney,AT Kearney
AT&T,AT&T
Athenahealth,Athenahealth
athenahealth,Athenahealth
AthenaHealth,Athenahealth
Athenahealth ,Athenahealth
Atlassian,Atlassian
atlassian,Atlassian
Atlassian ,Atlassian
Attentive,Attentive
Audible,Audible
Aurora,Aurora
Auth0,Auth0
auth0,Auth0
Autodesk,Autodesk
Autodesk ,Autodesk
Automattic,Automattic
Autonomic,Autonomic
Avalara,Avalara
Avanade,Avanade
Avaya,Avaya
AWS,Amazon Web Services
Aws,Amazon Web Services
AWS ,Amazon Web Services
Axon,Axon
axon,Axon
Babylon Health,Babylon Health
BAE Systems,BAE Systems
Baidu,Baidu
Bain,Bain
Bain ,Bain
Bain & Company,Bain
Bandwidth,Bandwidth
bandwidth,Bandwidth
Bank of America,Bank of America
Bank Of America,Bank of America
Bank of america,Bank of America
bank of america,Bank of America
Bank of America ,Bank of America
Bank of America Merrill Lynch,Bank of America Merrill Lynch
Bankers Healthcare Group,Bankers Healthcare Group
Barclays,Barclays
Barclays ,Barclays
Barracuda Networks,Barracuda Networks
barracuda networks,Barracuda Networks
Bayer,Bayer
Bayer ,Bayer
Bazaarvoice,Bazaarvoice
BazaarVoice,Bazaarvoice
BCG,Boston Consulting Group
bcg,Boston Consulting Group
BCG Digital Ventures,Boston Consulting Group Digital Ventures
Benchling,Benchling
Best Buy,Best Buy
Better Mortgage,Better Mortgage
Better.com,Better.com
Betterment,Betterment
beyond limits,Beyond Limits
Beyond Limits,Beyond Limits
Bigcommerce,Bigcommerce
BigCommerce,Bigcommerce
Bill.com,Bill.com
Bird,Bird
Bird ,Bird
Blackbaud,Blackbaud
BlackBerry,BlackBerry
Blackberry,BlackBerry
Blackhawk Network,Blackhawk Network
Blackline,Blackline
BlackLine,Blackline
BlackRock,BlackRock
Blackrock,BlackRock
BlackRock ,BlackRock
Blackrock ,BlackRock
Blackstone,Blackstone
Blend,Blend
blend,Blend
Blink Health,Blink Health
Blizzard Entertainment,Blizzard Entertainment
BlockFi,BlockFi
Bloomberg,Bloomberg
Bloomberg ,Bloomberg
Bloomberg LP,Bloomberg
Bloomberg lp,Bloomberg
BLOOMBERG LP,Bloomberg
Blue Origin,Blue Origin
Blue Origin ,Blue Origin
Blue Yonder,Blue Yonder
Bluecore,Bluecore
BNP Paribas,BNP Paribas
BNY Mellon,BNY Mellon
Bny Mellon,BNY Mellon
BNY Mellon ,BNY Mellon
Boeing,Boeing
BOeing,Boeing
Boeing ,Boeing
Bolt,Bolt
Bolt (EU),Bolt
Booking,Booking.com
Booking.com,Booking.com
BOOKING.COM,Booking.com
Booking.com ,Booking.com
Booz Allen Hamilton,Booz Allen Hamilton
Booz Allen Hamilton ,Booz Allen Hamilton
Bosch,Bosch
bosch,Bosch
Bosch ,Bosch
Bosch Global,Bosch
Bose,Bose
Boston Consulting Group,Boston Consulting Group
Boston consulting group,Boston Consulting Group
Box,Box
box,Box
Brex,Brex
brex,Brex
Bridgewater Associates,Bridgewater Associates
broadcom,Broadcom
Broadcom,Broadcom
Broadcom ,Broadcom
BrowserStack,BrowserStack
Browserstack,BrowserStack
Buildium,Buildium
Bukalapak,Bukalapak
Bumble,Bumble
Button,Button
Buzzfeed,Buzzfeed
BuzzFeed,Buzzfeed
ByteDance,ByteDance
Bytedance,ByteDance
bytedance,ByteDance
C3.ai,C3.ai
c3.ai,C3.ai
CA Technologies,CA Technologies
ca technologies,CA Technologies
Cabify,Cabify
CACI,CACI
CACI International,CACI
Cadence,Cadence
Cadence ,Cadence
Cadence design systems,Cadence
Cadence Design Systems,Cadence
Cadence Design systems,Cadence
cadence design systems,Cadence
Cambia Health Solutions,Cambia Health Solutions
Cambia health solutions,Cambia Health Solutions
Canonical,Canonical
canva,Canva
Canva,Canva
Capgemini,Capgemini
capgemini,Capgemini
Capgemini ,Capgemini
Capital Group,Capital Group
Capital One,Capital One
capital one,Capital One
Capital one,Capital One
Capital One ,Capital One
Capsule,Capsule
capsule,Capsule
CapTech,CapTech
Care.com,Care.com
Careem,Careem
Cargurus,Cargurus
CarGurus,Cargurus
Carmax,Carmax
CarMax,Carmax
Carrier,Carrier
Carta,Carta
Carvana,Carvana
CBRE,CBRE
CBS Interactive,CBS Interactive
CBS interactive ,CBS interactive
CDK Global,CDK Global
Centene,Centene
Ceridian,Ceridian
Cerner,Cerner
cerner,Cerner
Cerner ,Cerner
CGI,CGI
cgi,CGI
Cgi group,CGI
CGI Group,CGI
Chan Zuckerberg Initiative,Chan Zuckerberg Initiative
Chan Zuckerberg Initiative  ,Chan Zuckerberg Initiative
Change.org,Change.org
Charles Schwab,Charles Schwab
Charles schwab,Charles Schwab
Charles Schwab ,Charles Schwab
Charter Communications,Charter Communications
Chase,Chase
chase,Chase
Checkr,Checkr
Chegg,Chegg
chegg,Chegg
Chegg ,Chegg
Chevron,Chevron
chevron,Chevron
Chevron ,Chevron
Chewy,Chewy
chewy,Chewy
Chick-fil-A,Chick-fil-A
Chime,Chime
Chime ,Chime
CIBC,CIBC
cibc,CIBC
Ciena,Ciena
CIena,Ciena
Cigna,Cigna
Ciklum,Ciklum
Cimpress,Cimpress
Circle,Circle
CircleCI,CircleCI
CircleCI ,CircleCI
Cirrus Logic,Cirrus Logic
Cirrus logic,Cirrus Logic
Cisco,Cisco
CISCO,Cisco
cisco,Cisco
CiSco,Cisco
CIsco,Cisco
Cisco ,Cisco
Cisco Meraki,Cisco
Cisco Systems,Cisco
cisco systems,Cisco
Cisco systems,Cisco
CISCO SYSTEMS,Cisco
Citadel,Citadel
citadel,Citadel
Citadel ,Citadel
Citi,Citi
citi,Citi
Citibank,Citibank
Citrix Systems Inc,Citrix Systems Inc
Clari,Clari
Clear Street,Clear Street
Clearbanc,Clearbanc
Clearbanc ,Clearbanc
Clearwater Analytics,Clearwater Analytics
Clever,Clever
Cloudera,Cloudera
cloudera,Cloudera
Cloudera ,Cloudera
Cloudflare,Cloudflare
cloudflare,Cloudflare
Cloudflare ,Cloudflare
CloudKitchens,CloudKitchens
Cloudkitchens,CloudKitchens
Clover Health,Clover Health
CME Group,CME Group
Cockroach Labs,Cockroach Labs
Codecademy,Codecademy
Cognizant,Cognizant
Cognizant ,Cognizant
Cognizant Technology Solutions,Cognizant
cognizant technology solutions,Cognizant
Cognizant Technology solutions,Cognizant
Cognizant Technology Solutions ,Cognizant
Cohesity,Cohesity
cohesity,Cohesity
Coinbase,Coinbase
Collective Health,Collective Health
Collins Aerospace,Collins Aerospace
Collins Aerospace ,Collins Aerospace
Collins aerospace ,Collins Aerospace
Comcast,Comcast
comcast,Comcast
Commscope,Commscope
CommScope,Commscope
Commvault,Commvault
commvault,Commvault
Compass,Compass
Comscore,Comscore
Conduent,Conduent
Conduent ,Conduent
Confluent,Confluent
Constant Contact,Constant Contact
Constant contact,Constant Contact
Constant Contact ,Constant Contact
Contentful,Contentful
Continental,Continental
Convoy,Convoy
Cornerstone OnDemand,Cornerstone OnDemand
Cornerstone onDemand,Cornerstone OnDemand
Cornerstone Ondemand,Cornerstone OnDemand
Costar Group,Costar Group
CoStar Group,Costar Group
Costco,Costco
Costco Wholesale,Costco
Costco wholesale,Costco
Couchbase,Couchbase
couchbase,Couchbase
Coupa,Coupa
coupa ,Coupa
Coupa ,Coupa
Coupa Software,Coupa Software
coupa software,Coupa Software
Coupa software,Coupa Software
Coupang,Coupang
coupang,Coupang
Course Hero,Course Hero
Coursera,Coursera
CoverMyMeds,CoverMyMeds
Cox Automotive,Cox Automotive
Cox Automotive ,Cox Automotive
Cox Enterprises,Cox Enterprises
Credit Karma,Credit Karma
Credit karma,Credit Karma
Credit Karma ,Credit Karma
Credit Suisse,Credit Suisse
Credit suisse,Credit Suisse
Criteo,Criteo
CrowdStrike,CrowdStrike
Crowdstrike,CrowdStrike
CrowdStrike ,CrowdStrike
Crowdstrike ,CrowdStrike
Cruise,Cruise
CSG,CSG
Csg,CSG
Cummins,Cummins
Cummins ,Cummins
Cure.fit,Cure.fit
Cure.Fit,Cure.fit
Cvent,Cvent
CVS health,CVS health
cvs health,CVS health
CVS Health,CVS health
Cyngn,Cyngn
Daimler,Daimler
Danaher,Danaher
Dassault Systemes,Dassault Systemes
DataArt,DataArt
Databricks,Databricks
Databricks ,Databricks
Datadog,Datadog
Datadog ,Datadog
DataRobot,DataRobot
DAZN Group,DAZN Group
Degreed,Degreed
Deliveroo,Deliveroo
Deliverr,Deliverr
Delivery Hero,Delivery Hero
Dell,Dell
Dell Technologies,Dell Technologies
Deloitte,Deloitte
deloitte,Deloitte
Deloitte ,Deloitte
Deloitte Advisory,Deloitte
Deloitte Consulting,Deloitte
Deloitte consulting,Deloitte
Deloitte Consulting LLP,Deloitte
Delphix,Delphix
Delta Air Lines,Delta Air Lines
Deutsche Bank,Deutsche Bank
Deutsche bank,Deutsche Bank
Deutsche Telekom,Deutsche Telekom
Dexcom,Dexcom
dexcom,Dexcom
Dialpad,Dialpad
DiDi,DiDi
DigitalOcean,DigitalOcean
Discord,Discord
Discover,Discover
discover,Discover
Discover Financial Services,Discover
discovery,Discovery
Discovery,Discovery
Dish,Dish
DISH,Dish
Dish Network,Dish
Dish network,Dish
DISH Network,Dish
Dish Network ,Dish
Disney,Disney
Disney ,Disney
Disney Streaming Services,Disney
Disney Streaming Services ,Disney
Docker,Docker
Doctolib,Doctolib
DoctoLib,Doctolib
DocuSign,DocuSign
Docusign,DocuSign
Docusign ,Docusign
DocuSign ,Docusign
Dolby Laboratories,Dolby Laboratories
Domo,Domo
DoorDash,DoorDash
Doordash,DoorDash
DoorDash ,DoorDash
DoubleVerify,DoubleVerify
Doubleverify,DoubleVerify
Dow Jones,Dow Jones
Doximity,Doximity
Doximity ,Doximity
DraftKings,DraftKings
Dream11,Dream11
DREAM11,Dream11
Drift.com,Drift.com
Dropbox,Dropbox
Dropbox ,Dropbox
DRW,DRW
DTCC,DTCC
Duolingo,Duolingo
DXC Technology,DXC Technology
Dynatrace,Dynatrace
E*Trade,E*Trade
E*TRADE,E*Trade
Earnest,Earnest
eBay,eBay
Ebay,eBay
ebay,eBay
EBAY,eBay
EBay,eBay
Edwards Lifesciences,Edwards Lifesciences
edX,edX
Egen Solutions,Egen Solutions
Elastic,Elastic
Electronic Arts,Electronic Arts
Electronic Arts ,Electronic Arts
Ellie Mae,Ellie Mae
Elsevier,Elsevier
Endava,Endava
Enova International,Enova International
EPAM,EPAM
Epam,EPAM
EPAM Systems,EPAM
Epam Systems,EPAM
Epic Games,Epic Games
Epic Systems,Epic Systems
epsilon,Epsilon
Epsilon,Epsilon
Epsilon ,Epsilon
Equifax,Equifax
Equinix,Equinix
EquipmentShare,EquipmentShare
EquipmentShare ,EquipmentShare
Ericsson,Ericsson
Ericsson ,Ericsson
Ernst & Young,Ernst & Young
Ernst and young,Ernst & Young
Ernst and Young,Ernst & Young
Esri,Esri
Etsy,Etsy
Eventbrite,Eventbrite
Evernote,Evernote
Everquote,Everquote
EverQuote,Everquote
Excella,Excella
Excella ,Excella
Expedia,Expedia
Expedia ,Expedia
Expedia Group,Expedia Group
Experian,Experian
ExxonMobil,ExxonMobil
Exxonmobil ,Exxonmobil
EY,Ernst & Young
EY ,Ernst & Young
EY-parthenon,EY-parthenon
EY-Parthenon,EY-parthenon
F5 Networks,F5 Networks
F5 networks,F5 Networks
Facebook,Facebook
facebook,Facebook
Facebook ,Facebook
facebook ,Facebook
FactSet,FactSet
Factset,FactSet
Faire,Faire
Fanatics,Fanatics
FanDuel,FanDuel
Fanduel,FanDuel
Fannie Mae,Fannie Mae
Fannie mae,Fannie Mae
Farfetch,Farfetch
Fast Enterprises,Fast Enterprises
fastly,Fastly
Fastly,Fastly
Fedex,Fedex
FedEx,Fedex
Feedzai,Feedzai
Feedzai ,Feedzai
Fetch Rewards,Fetch Rewards
FICO,FICO
fico,FICO
Fidelity Investments,Fidelity Investments
Fidelity Investments ,Fidelity Investments
Fifth Third Bank,Fifth Third Bank
Figma,Figma
FireEye,FireEye
Fireeye,FireEye
First Republic bank,First Republic bank
First Republic Bank,First Republic bank
Fis,Fis
FIS,Fis
Fiserv,Fiserv
fiserv,Fiserv
Fitbit,Fitbit
Fitbit ,Fitbit
Five Rings,Five Rings
Flatiron Health,Flatiron Health
FLEXE,FLEXE
Flexport,Flexport
Flipkart,Flipkart
Ford,Ford
Ford Motor,Ford
Ford Motor Company,Ford
Fortinet,Fortinet
fortinet,Fortinet
Fortinet ,Fortinet
Foursquare,Foursquare
foursquare,Foursquare
Fractal Analytics,Fractal Analytics
Freddie Mac,Freddie Mac
Freddie mac ,Freddie mac
Freshworks,Freshworks
FTI Consulting,FTI Consulting
fuboTV,fuboTV
Fujitsu,Fujitsu
Fujitsu ,Fujitsu
FullStory,FullStory
Fullstory,FullStory
G-Research,G-Research
Gap,Gap
Garmin,Garmin
Gartner,Gartner
GE,General Electric
Ge,General Electric
Ge aviation,GE Aviation
GE Aviation,GE Aviation
GE Digital,GE Digital
GE digital,GE Digital
Ge digital,GE Digital
GE Healthcare,GE Healthcare
GE HEALTHCARE,GE Healthcare
ge healthcare,GE Healthcare
GE healthcare ,GE Healthcare
Geico,Geico
GEICO,Geico
Gemini,Gemini
Genentech,Genentech
General Atomics,General Atomics
GENERAL ATOMICS,General Atomics
General Atomics ,General Atomics
General Dynamics Information Technology,General Dynamics Information Technology
General Dynamics Mission Systems,General Dynamics Mission Systems
General Electric,General Electric
General mills,General Mills
General Mills,General Mills
General Motors,General Motors
General Motors ,General Motors
Genesys,Genesys
Genpact,Genpact
Gigamon,Gigamon
GitHub,GitHub
GitHub ,GitHub
GitLab,GitLab
Gitlab,GitLab
GitLab ,GitLab
Glassdoor,Glassdoor
Global Payments,Global Payments
Global payments,Global Payments
globalfoundries,globalfoundries
GlobalFoundries,globalfoundries
Globallogic,Globallogic
GlobalLogic,Globallogic
Globant,Globant
Glovo,Glovo
Glu Mobile,Glu Mobile
Glu mobile,Glu Mobile
GoCardless,GoCardless
Godaddy,Godaddy
GoDaddy,Godaddy
GoDaddy ,GoDaddy
Godaddy ,GoDaddy
Gojek,Gojek
gojek,Gojek
GOJEK,Gojek
Gojek Tech,Gojek Tech
Goldman Sachs,Goldman Sachs
Goldman sachs,Goldman Sachs
goldman sachs,Goldman Sachs
Goldman Sachs ,Goldman Sachs
GOLDMAN SACHS ,Goldman Sachs
Google,Google
google,Google
GOogle,Google
Google ,Google
google llc,Google
Google LLC,Google
goPuff,goPuff
Gopuff,goPuff
Grab,Grab
grab,Grab
Grammarly,Grammarly
Granular,Granular
Grid Dynamics,Grid Dynamics
Grofers,Grofers
Groupon,Groupon
Groupon ,Groupon
GrubHub,GrubHub
Grubhub,GrubHub
Grubhub ,Grubhub
GSK,GSK
Guardant health,Guardant Health
Guardant Health,Guardant Health
Guidehouse,Guidehouse
Guidewire,Guidewire
Guidewire Software,Guidewire
Gusto,Gusto
H-E-B,H-E-B
HackerRank,HackerRank
HashiCorp,HashiCorp
Hashicorp,HashiCorp
HBO,HBO
HCA Healthcare,HCA Healthcare
HCL Technologies,HCL Technologies
Headspace,Headspace
HelloFresh,HelloFresh
Hellofresh,HelloFresh
Here,Here
HERE,Here
HERE Technologies,HERE Technologies
Here Technologies,HERE Technologies
Hewlett Packard Enterprise,Hewlett Packard Enterprise
Hitachi,Hitachi
hitachi,Hitachi
homeadvisor,Homeadvisor
HomeAdvisor,Homeadvisor
Homeaway,Homeaway
HomeAway,Homeaway
Honeywell,Honeywell
Honeywell ,Honeywell
Hootsuite,Hootsuite
Hopper,Hopper
houzz,Houzz
Houzz,Houzz
HP,HP
HP ,HP
HP Inc,HP
HP inc,HP
HP INC,HP
Hp Inc,HP
HPE,HPE
hpe,HPE
Hsbc,HSBC
HSBC,HSBC
Hsbc ,HSBC
Huawei,Huawei
Hubspot,Hubspot
HubSpot,Hubspot
Hubspot ,Hubspot
HubSpot ,Hubspot
Hudson River Trading,Hudson River Trading
Hulu,Hulu
Humana,Humana
Hyperscience,Hyperscience
IBM,IBM
Ibm,IBM
ibm,IBM
IBM ,IBM
Ibotta,Ibotta
ICF,ICF
Icims,Icims
iCIMS,Icims
iCIMS ,iCIMS
idemia,idemia
Idemia,idemia
IDEMIA,idemia
IGT,IGT
iHeartRadio,iHeartRadio
IHeartRadio,iHeartRadio
Iheartradio,iHeartRadio
iHerb,iHerb
IHS Markit,IHS Markit
Illumina,Illumina
illumina,Illumina
Illumio,Illumio
iManage,iManage
IMC,IMC
Improbable,Improbable
Indeed,Indeed
indeed,Indeed
Indeed ,Indeed
Indigo,Indigo
infinera,Infinera
Infinera,Infinera
Infoblox,Infoblox
Infor,Infor
Infor ,Infor
Informatica,Informatica
Infosys,Infosys
Infosys ,Infosys
Infosys Ltd,Infosys Ltd
ING,ING
InMobi,InMobi
Inmobi,InMobi
Instabase,Instabase
Instacart,Instacart
instacart,Instacart
Instacart ,Instacart
Integral Ad Science,Integral Ad Science
Intel,Intel
intel,Intel
Intel ,Intel
Intel Corporation,Intel
INTEL corporation,Intel
Intel corporation,Intel
Intel corporation ,Intel
intel corporation ,Intel
Interactive Brokers,Interactive Brokers
Intercom,Intercom
Intercontinental Exchange,Intercontinental Exchange
Internet Brands,Internet Brands
Intersystems,Intersystems
InterSystems,Intersystems
Intuit,Intuit
intuit,Intuit
Intuit ,Intuit
Intuitive,Intuitive
Intuitive ,Intuitive
Intuitive Surgical,Intuitive Surgical
intuitive surgical,Intuitive Surgical
investcloud,Investcloud
InvestCloud,Investcloud
InVision,InVision
IQVIA,IQVIA
Irobot,Irobot
iRobot,Irobot
IRobot,Irobot
Ironclad,Ironclad
Iterable,Iterable
Ivanti,Ivanti
ixl learning,Ixl learning
IXL Learning,Ixl learning
Jane Street,Jane Street Capital
Jane Street Capital,Jane Street Capital
JCPenney,JCPenney
JCPenney ,JCPenney
Jet Propulsion Laboratory,Jet Propulsion Laboratory
Jio,Jio
John Deere,John Deere
John Hancock,John Hancock
Johnson,Johnson
Johnson ,Johnson
Johnson & Johnson,Johnson & Johnson
Johnson and Johnson,Johnson & Johnson
Johnson Controls,Johnson Controls
JP morgan,JP Morgan
JP Morgan,JP Morgan
jp morgan,JP Morgan
Jp Morgan,JP Morgan
JP Morgan ,JP Morgan
JP Morgan Chase,JP Morgan Chase
Jp morgan chase,JP Morgan Chase
JP Morgan Chase ,JP Morgan Chase
JPMorgan,JP Morgan
Jpmorgan,JP Morgan
JPMorgan ,JP Morgan
JPMORGAN ,JP Morgan
JPMorgan Chase,JP Morgan Chase
JPmorgan Chase,JP Morgan Chase
JPMorgan Chase ,JP Morgan Chase
Jump Trading,Jump Trading
Juniper,Juniper
juniper,Juniper
Juniper Networks,Juniper
Juniper networks,Juniper
Juniper Networks ,Juniper
Juniper Square,Juniper Square
Just Eat,Just Eat
Juul Labs,Juul Labs
JUUL Labs,Juul Labs
Kaiser Permanente,Kaiser Permanente
Kajabi,Kajabi
KAYAK,KAYAK
Kayak,KAYAK
Keeptruckin,Keeptruckin
keeptruckin,Keeptruckin
KeepTruckin,Keeptruckin
Keysight,Keysight
keysight,Keysight
Khoros,Khoros
KLA,KLA
Kla,KLA
Klarna,Klarna
Klarna ,Klarna
Klaviyo,Klaviyo
Kohl's,Kohl's
Korn Ferry,Korn Ferry
KPIT,KPIT
KPMG,KPMG
Kpmg,KPMG
kpmg,KPMG
KPMG ,KPMG
Kraken,Kraken
Kroger,Kroger
kroger,Kroger
L3Harris,L3Harris Technologies
L3Harris ,L3Harris Technologies
L3Harris Technologies,L3Harris Technologies
Lam Research,Lam Research
Latch,Latch
League,League
LeanTaaS,LeanTaaS
Leidos,Leidos
LEIDOS,Leidos
leidos,Leidos
LEK,LEK
LendingClub,LendingClub
Lendingclub,LendingClub
LendingTree,LendingTree
LendingTree ,LendingTree
Lenovo,Lenovo
lenovo,Lenovo
Liberty Mutual,Liberty Mutual
Liberty mutual,Liberty Mutual
liberty mutual,Liberty Mutual
Liberty Mutual Insurance,Liberty Mutual
liberty mutual insurance,Liberty Mutual
Linkedin,Linkedin
LinkedIn,Linkedin
linkedin,Linkedin
LinkedIn ,LinkedIn
LivePerson,LivePerson
Liveperson,LivePerson
liveperson,LivePerson
LivePerson ,LivePerson
LiveRamp,LiveRamp
Liveramp,LiveRamp
loanDepot,loanDepot
Loandepot,loanDepot
Loblaw Digital,Loblaw Digital
Lockheed Martin,Lockheed Martin
lockheed martin,Lockheed Martin
Lockheed Martin ,Lockheed Martin
Logitech,Logitech
Logitech ,Logitech
LogMeIn,LogMeIn
logmein,LogMeIn
LogmeIn,LogMeIn
Logmein,LogMeIn
Loom,Loom
Lowe's,Lowe's
Lowe's ,Lowe's
Lowes,Lowe's
lowes,Lowe's
LTI,LTI
Lucid Motors,Lucid Motors
Lucid Software,Lucid Software
Lumen,Lumen
Lumentum,Lumentum
Luxoft,Luxoft
Lyft,Lyft
lyft,Lyft
Lyft ,Lyft
macy's,Macy's
Macy's,Macy's
Macy's ,Macy's
"Macy's,",Macy's
Magic Leap,Magic Leap
magic leap,Magic Leap
Mail.Ru Group,Mail.Ru Group
Mail.ru Group,Mail.Ru Group
MailChimp,MailChimp
Mailchimp,MailChimp
mailchimp,MailChimp
Makemytrip,Makemytrip
MakeMyTrip,Makemytrip
Manhattan Associates,Manhattan Associates
ManTech International,ManTech International
Manulife,Manulife
mapbox,mapbox
Mapbox,mapbox
MarketAxess,MarketAxess
Marqeta,Marqeta
Marvell,Marvell
Marvell ,Marvell
MassMutual,MassMutual
Massmutual,MassMutual
MasterCard,MasterCard
Mastercard,MasterCard
mastercard,MasterCard
Match,Match
Mathworks,Mathworks
MathWorks,Mathworks
Mathworks ,Mathworks
MathWorks ,Mathworks
Maxar Technologies,Maxar Technologies
MAXAR Technologies,Maxar Technologies
Maxar Technologies ,Maxar Technologies
Maxim Integrated,Maxim Integrated
McAfee,McAfee
Mcafee,McAfee
mcafee,McAfee
McDonald's,McDonald's
McKesson,McKesson
Mckesson,McKesson
McKesson ,McKesson
McKinsey,McKinsey
Mckinsey,McKinsey
McKinsey ,McKinsey
Mckinsey & Company,McKinsey
McKinsey & Company,McKinsey
Medallia,Medallia
media.net,media.net
Media.net,media.net
Mediaocean,Mediaocean
Mediatek,Mediatek
MediaTek,Mediatek
Medium,Medium
Medtronic,Medtronic
Meesho,Meesho
Meijer,Meijer
Mellanox,Mellanox
Mendix,Mendix
Mentor Graphics,Mentor Graphics
Mercer,Mercer
Merck,Merck
Messagebird,Messagebird
MessageBird,Messagebird
metlife,metlife
Metlife,metlife
MetLife,metlife
Metromile,Metromile
Mi,Mi
mi,Mi
Mic,Mic
Micro Focus,Micro Focus
Microchip,Microchip Technology
Microchip ,Microchip Technology
Microchip Technology,Microchip Technology
Micron,Micron Technology
micron,Micron Technology
Micron Technology,Micron Technology
Micron technology,Micron Technology
Microsoft,Microsoft
MICROSOFT,Microsoft
microsoft,Microsoft
MIcrosoft,Microsoft
Microsoft ,Microsoft
Microsoft Corporation,Microsoft
microsoft corporation,Microsoft
microstrategy,microstrategy
Microstrategy,microstrategy
MicroStrategy,microstrategy
Mindtree,Mindtree
Mitchell International,Mitchell International
Mitchell International ,Mitchell International
Mitre,Mitre
MITRE,Mitre
Mixpanel,Mixpanel
MixPanel,Mixpanel
MobileIron,MobileIron
Mobileiron,MobileIron
MongoDB,MongoDB
Monzo,Monzo
Moody's,Moody's
Moody's Analytics,Moody's Analytics
Moody's analytics,Moody's Analytics
Morgan Stanley,Morgan Stanley
Morningstar,Morningstar
Morningstar ,Morningstar
Motional,Motional
Motorola,Motorola
Motorola Solutions,Motorola
Motorola solutions,Motorola
Move,Move
Moveworks,Moveworks
Mozilla,Mozilla
Mozilla ,Mozilla
Mphasis,Mphasis
mphasis,Mphasis
MSFT,MSFT
Msft,MSFT
MUFG,MUFG
MURAL,MURAL
Mural,MURAL
Mutual of Omaha,Mutual of Omaha
Mutual Of Omaha,Mutual of Omaha
Myntra,Myntra
N/A,N/A
n/a,N/A
N26,N26
NASA JPL,Jet Propulsion Laboratory
NASDAQ,NASDAQ
Nasdaq,NASDAQ
Natera,Natera
National Instruments,National Instruments
National instruments,National Instruments
national instruments,National Instruments
NBCUniversal,NBCUniversal
NCR,NCR
NerdWallet,NerdWallet
Nerdwallet,NerdWallet
Nerdwallet ,NerdWallet
NetApp,NetApp
Netapp,NetApp
NetApp ,NetApp
Netflix,Netflix
Netflix ,Netflix
Netskope,Netskope
netskope,Netskope
Neustar,Neustar
New Relic,New Relic
Nextdoor,Nextdoor
NextEra Analytics,NextEra Analytics
Nextera Analytics,NextEra Analytics
Niantic,Niantic
NICE,NICE
Nice,NICE
Nielsen,Nielsen
Nike,Nike
Nintendo,Nintendo
Nintendo ,Nintendo
NIO,NIO
Nokia,Nokia
nokia,Nokia
Nokia ,Nokia
Nordstrom,Nordstrom
Nordstrom ,Nordstrom
Northrop Grumman,Northrop Grumman
NORTHROP GRUMMAN,Northrop Grumman
Northrop Grumman ,Northrop Grumman
Northwestern Mutual,Northwestern Mutual
NortonLifeLock,NortonLifeLock
Novetta,Novetta
NTT Data,NTT Data
NTT DATA,NTT Data
Nuance,Nuance
Nuance Communications,Nuance
nuance communications,Nuance
Nubank,Nubank
Numerator,Numerator
Nuro,Nuro
Nuro ,Nuro
Nutanix,Nutanix
nutanix,Nutanix
Nutanix ,Nutanix
Nvidia,Nvidia
NVIDIA,Nvidia
nvidia,Nvidia
NVIDIA ,Nvidia
Nvidia ,Nvidia
NXP,NXP
Nxp,NXP
nxp semiconductors,NXP
Nxp semiconductors,NXP
NXP Semiconductors,NXP
Nylas,Nylas
Oath,Oath
Ocado Technology,Ocado Technology
ocado technology,Ocado Technology
OfferUp,OfferUp
Office Depot,Office Depot
Okta,Okta
Ola,Ola
Oliver Wyman,Oliver Wyman
Olo,Olo
On Semiconductor,On Semiconductor
ON Semiconductor,On Semiconductor
On semiconductor,On Semiconductor
On Semiconductor ,On Semiconductor
One Medical,One Medical
OneTrust,OneTrust
Opendoor,Opendoor
OpenTable,OpenTable
OpenText,OpenText
Opentext,OpenText
opentext,OpenText
OPPO,OPPO
oppo,OPPO
Optimizely,Optimizely
Optiver,Optiver
Optum,Optum
Oracle,Oracle
oracle,Oracle
ORACLE,Oracle
Oracle ,Oracle
oracle ,Oracle
Oscar,Oscar
Oscar Health,Oscar Health
Other,Other
other,Other
Overstock,Overstock
OYO,OYO
Oyo,OYO
pagerduty,pagerduty
PagerDuty,pagerduty
Pagerduty,pagerduty
Palantir,Palantir
Palo Alto Networks,Palo Alto Networks
palo alto networks,Palo Alto Networks
Palo Alto networks,Palo Alto Networks
Palo Alto Networks ,Palo Alto Networks
Panasonic,Panasonic
panasonic,Panasonic
Panasonic Avionics,Panasonic Avionics
Pandora,Pandora
pandora,Pandora
Pariveda Solutions,Pariveda Solutions
Parsons,Parsons
Patreon,Patreon
Paycom,Paycom
Paylocity,Paylocity
paypal,Paypal
Paypal,Paypal
PayPal,Paypal
Paypal ,Paypal
PayTm,PayTm
Paytm,PayTm
PDT Partners,PDT Partners
Pearson,Pearson
Pegasystems,Pegasystems
Pegatron,Pegatron
Peloton,Peloton
peloton,Peloton
PepsiCo,PepsiCo
Perficient,Perficient
Perspecta,Perspecta
Petuum,Petuum
philips,Philips
Philips,Philips
PhonePe,PhonePe
Phonepe,PhonePe
Ping Identity,Ping Identity
Pinterest,Pinterest
Pinterest ,Pinterest
Pivotal,Pivotal
Plaid,Plaid
PlayStation,PlayStation
Playstation,PlayStation
Playstation ,PlayStation
PlayVS,PlayVS
Pluralsight,Pluralsight
Pluralsight ,Pluralsight
PNC,PNC
Pnc,PNC
Podium,Podium
Point72,Point72
Policygenius,Policygenius
policygenius,Policygenius
Poshmark,Poshmark
Postman,Postman
Postmates,Postmates
postmates,Postmates
Priceline,Priceline
Principal Financial Group,Principal Financial Group
Procore,Procore
Procore ,Procore
Procore Technologies,Procore Technologies
Procter & Gamble,Procter & Gamble
Proofpoint,Proofpoint
proofpoint,Proofpoint
Proofpoint ,Proofpoint
prudential financial,Prudential
Prudential Financial,Prudential
PTC,PTC
Publicis Sapient,Publicis Sapient
Publicis sapient,Publicis Sapient
Puppet,Puppet
Pure Storage,Pure Storage
Pure storage,Pure Storage
PwC,PwC
pwc,PwC
PWC,PwC
Pwc ,Pwc
Qualcomm,Qualcomm
QUALCOMM,Qualcomm
qualcomm,Qualcomm
Qualcomm ,Qualcomm
Qualcomm Inc,Qualcomm
Qualcomm inc,Qualcomm
Qualia,Qualia
Qualtrics,Qualtrics
Qualtrics ,Qualtrics
Quantcast,Quantcast
Quantiphi,Quantiphi
Quantumblack,Quantumblack
QuantumBlack,Quantumblack
Quest Diagnostics,Quest Diagnostics
QUEST DIAGNOSTICS,Quest Diagnostics
Quest diagnostics,Quest Diagnostics
Quest diagnostics ,Quest Diagnostics
Quicken Loans,Quicken Loans
quora,quora
Quora,quora
Rackspace,Rackspace
Rakuten,Rakuten
Rally Health,Rally Health
Rally health,Rally Health
Rally health ,Rally Health
Rapid7,Rapid7
rapid7,Rapid7
Rappi,Rappi
Raytheon,Raytheon Technologies
raytheon,Raytheon Technologies
Raytheon ,Raytheon Technologies
Raytheon Technologies,Raytheon Technologies
Razorpay,Razorpay
RBC,RBC
RBC ,RBC
RBS,RBS
realtek,realtek
Realtek,realtek
Realtor.com,Realtor.com
realtor.com,Realtor.com
Red Hat,Red Hat
Red hat,Red Hat
Red Hat ,Red Hat
Red Ventures,Red Ventures
Red ventures ,Red ventures
Reddit,Reddit
Redfin,Redfin
Refinitiv,Refinitiv
Relativity,Relativity
Relativity ,Relativity
Remitly,Remitly
Renesas Electronics,Renesas Electronics
Rent the Runway,Rent the Runway
Rent The Runway,Rent the Runway
RentPath,RentPath
Rescale,Rescale
ResMed,ResMed
RetailMeNot,RetailMeNot
Retailmenot,RetailMeNot
Revolut,Revolut
RingCentral,RingCentral
Ringcentral,RingCentral
Riot Games,Riot Games
Ripple,Ripple
Rippling,Rippling
Rivian,Rivian
Robert Half,Robert Half
Robinhood,Robinhood
Roblox,Roblox
Roche,Roche
roche,Roche
Roche ,Roche
Roku,Roku
roku,Roku
Roku ,Roku
Root Insurance,Root Insurance
Root Insurance ,Root Insurance
Rover,Rover
Rubrik,Rubrik
S&P GLOBAL,S&P GLOBAL
S&P Global,S&P GLOBAL
Sabre,Sabre
Sage,Sage
SAIC,SAIC
Saic,SAIC
SailPoint,SailPoint
Salesforce,Salesforce
SalesForce,Salesforce
salesforce,Salesforce
Salesforce ,Salesforce
salesforce ,Salesforce
Samsara,Samsara
samsara,Samsara
samsung,Samsung
Samsung,Samsung
SAMSUNG,Samsung
Samsung ,Samsung
Samsung Electronics America,Samsung Electronics America
Samsung Research America,Samsung Research America
Samsung research America,Samsung Research America
Samsung Research America ,Samsung Research America
Sandia National Labs,Sandia National Labs
SAP,SAP
sap,SAP
Sap,SAP
SAP ,SAP
Sap Concur,Sap Concur
SAP Concur,Sap Concur
SAS,SAS
SAS Institute,SAS Institute
SAS institute,SAS Institute
SAS Software,SAS Software
Sberbank,Sberbank
Scale AI,Scale AI
Schlumberger,Schlumberger
schlumberger,Schlumberger
Schneider Electric,Schneider Electric
Schneider Electric ,Schneider Electric
SCHNEIDER ELECTRIC ,Schneider Electric
Scotiabank,Scotiabank
Scotiabank ,Scotiabank
Scribd,Scribd
Seagate,Seagate
seagate ,Seagate
Segment,Segment
Segment ,Segment
Sephora,Sephora
Sephora ,Sephora
ServiceNow,ServiceNow
servicenow,ServiceNow
Servicenow,ServiceNow
ServiceTitan,ServiceTitan
Servicetitan,ServiceTitan
Shell,Shell
Shell ,Shell
Shipt,Shipt
Shopee,Shopee
shopee,Shopee
Shopify,Shopify
Shopify ,Shopify
Shutterfly,Shutterfly
Shutterstock,Shutterstock
shutterstock,Shutterstock
Siemens,Siemens
siemens,Siemens
Siemens ,Siemens
Sift,Sift
Silicon Labs,Silicon Labs
Silicon Valley Bank,Silicon Valley Bank
SingleStore,SingleStore
SiriusXM,SiriusXM
Siriusxm,SiriusXM
Sisense,Sisense
Skyscanner,Skyscanner
Slack,Slack
Slalom,Slalom
Slalom ,Slalom
smartsheet,Smartsheet
Smartsheet,Smartsheet
SmartSheet,Smartsheet
Smartsheet ,Smartsheet
SmartThings,SmartThings
Snap,Snap
Snapchat,Snapchat
snapchat,Snapchat
Snapdocs,Snapdocs
Snowflake,Snowflake
Societe Generale,Societe Generale
SoFi,SoFi
Sofi,SoFi
SoftServe,SoftServe
SolarWinds,SolarWinds
Sonder,Sonder
Sonos,Sonos
Sony,Sony
SONY,Sony
sony,Sony
Sony Interactive Entertainment,Sony Interactive Entertainment
sony interactive entertainment,Sony Interactive Entertainment
Sophos,Sophos
Soroco,Soroco
SoundCloud,SoundCloud
Southwest Airlines,Southwest Airlines
SpaceX,SpaceX
SpaceX ,SpaceX
Spectrum,Spectrum
Splunk,Splunk
Splunk ,Splunk
Spotify,Spotify
Sprinklr,Sprinklr
Sprout Social,Sprout Social
SPS Commerce,SPS Commerce
Square,Square
Square ,Square
Squarepoint Capital,Squarepoint Capital
SquarePoint capital,Squarepoint Capital
Squarespace,Squarespace
SquareSpace,Squarespace
Squarespace ,Squarespace
SS&C Technologies,SS&C Technologies
Stack Overflow,Stack Overflow
Staples,Staples
Starbucks,Starbucks
Starbucks ,Starbucks
Starling Bank,Starling Bank
Startup,Startup
StartUp,Startup
startup,Startup
startup ,Startup
Stash,Stash
Stash ,Stash
State Farm,State Farm
State Street,State Street
STChealth,STChealth
STCHealth,STChealth
Stitch Fix,Stitch Fix
StockX,StockX
Strategy by PwC,Strategy by PwC
Stripe,Stripe
Stryker,Stryker
StubHub,StubHub
Stubhub,StubHub
stubhub,StubHub
Sumo Logic,Sumo Logic
Supermicro,Supermicro
Surveymonkey,SurveyMonkey
SurveyMonkey,SurveyMonkey
SurveyMonkey ,SurveyMonkey
Susquehanna International Group,Susquehanna International Group
Swiggy,Swiggy
swiggy,Swiggy
Swiss Re,Swiss Re
Swisscom,Swisscom
Symantec,Symantec
Synaptics,Synaptics
synaptics,Synaptics
Synchrony,Synchrony
Synchrony ,Synchrony
Synechron,Synechron
Synology,Synology
Synopsys,Synopsys
synopsys,Synopsys
SYNOPSYS,Synopsys
Synopsys ,Synopsys
Sysdig,Sysdig
T-Mobile,T-Mobile
T-mobile,T-Mobile
T-mobile ,T-Mobile
T. Rowe Price,T. Rowe Price
T. Rowe Price ,T. Rowe Price
Tableau Software,Tableau Software
tableau software,Tableau Software
talend,talend
Talend,talend
Tanium,Tanium
Target,Target
target,Target
TaskRabbit,TaskRabbit
Taskrabbit,TaskRabbit
taskrabbit,TaskRabbit
Tata Consultancy Services,Tata Consultancy Services
TATA Consultancy Services,Tata Consultancy Services
tcs,tcs
TCS,tcs
Tcs,tcs
TD Bank,TD Bank
TD bank,TD Bank
Tekion,Tekion
Teksystems,Teksystems
TEKsystems,Teksystems
Teladoc Health,Teladoc Health
TELUS,TELUS
Telus,TELUS
Tempus,Tempus
Tenable,Tenable
Tenable ,Tenable
tencent,tencent
Tencent,tencent
Teradata,Teradata
Tesco,Tesco
Tesla,Tesla
tesla,Tesla
Test,Test
test,Test
Texas Instruments,Texas Instruments
Texas Instruments ,Texas Instruments
The Climate Corporation,The Climate Corporation
The D. E. Shaw Group,The D. E. Shaw Group
The Hartford,The Hartford
The Home Depot,The Home Depot
The home depot,The Home Depot
The New York Times Company,The New York Times Company
The Trade Desk,The Trade Desk
The Voleon Group,The Voleon Group
The Walt Disney Company,The Walt Disney Company
Thermo Fisher Scientific,Thermo Fisher Scientific
Thermo Fisher Scientific ,Thermo Fisher Scientific
Thomson Reuters,Thomson Reuters
Thought Machine,Thought Machine
Thought machine,Thought Machine
Thought Machine ,Thought Machine
ThoughtSpot,ThoughtSpot
Thoughtspot,ThoughtSpot
ThoughtWorks,ThoughtWorks
Thoughtworks,ThoughtWorks
Thumbtack,Thumbtack
TIAA,TIAA
Tiaa,TIAA
TIBCO Software,TIBCO Software
Ticketmaster,Ticketmaster
ticketmaster,Ticketmaster
TikTok,TikTok
Tiktok,TikTok
TikTok ,TikTok
Tinder,Tinder
Tinkoff,Tinkoff
Tipalti,Tipalti
tipalti,Tipalti
Toast,Toast
TOAST,Toast
Tokopedia,Tokopedia
TomTom,TomTom
top hat,top hat
Top Hat,top hat
Tower Research Capital,Tower Research Capital
Toyota Research Institute,Toyota Research Institute
Toyota USA,Toyota USA
Tradeweb,Tradeweb
Tradeweb ,Tradeweb
TransUnion,TransUnion
Transunion,TransUnion
Travelers,Travelers
Traveloka,Traveloka
Travelport,Travelport
Trend Micro,Trend Micro
Trimble,Trimble
TriNet,TriNet
trinet,TriNet
Trinet,TriNet
TripAdvisor,TripAdvisor
Tripadvisor,TripAdvisor
tripadvisor,TripAdvisor
Truckstop.com,Truckstop.com
truckstop.com,Truckstop.com
TrueCar,TrueCar
Truecar,TrueCar
TSMC,TSMC
Tsmc,TSMC
TUNE,TUNE
Tune,TUNE
Turbonomic,Turbonomic
Turo,Turo
TuSimple,TuSimple
Twilio,Twilio
Twitch,Twitch
twitch,Twitch
Twitter,Twitter
twitter,Twitter
Twitter ,Twitter
Two Sigma,Two Sigma
Two sigma,Two Sigma
Tyler Technologies,Tyler Technologies
U.S. Bank,U.S. Bank
Uber,Uber
UBER,Uber
uber,Uber
Uber ,Uber
Ubiquiti,Ubiquiti
Ubisoft,Ubisoft
UBS,UBS
Ubs,UBS
ubs,UBS
UBS ,UBS
udaan.com,udaan.com
Udaan.com,udaan.com
Udemy,Udemy
UiPath,UiPath
UKG,UKG
Ultimate Software,Ultimate Software
ultimate software,Ultimate Software
Under Armour,Under Armour
Under Armour ,Under Armour
Unilever,Unilever
Unisys,Unisys
united airlines,United Airlines
United Airlines,United Airlines
UnitedHealth Group,UnitedHealth Group
Unity Technologies,Unity Technologies
Upstart,Upstart
Upwork,Upwork
USAA,USAA
USAA ,USAA
Vanguard,Vanguard
veeva systems,veeva systems
Veeva Systems,veeva systems
Verily Life Sciences,Verily Life Sciences
Verint,Verint
Verisign,Verisign
VERISIGN,Verisign
Veritas Technologies,Veritas Technologies
veritas technologies,Veritas Technologies
Veritas technologies,Veritas Technologies
Verizon,Verizon
verizon,Verizon
Verizon ,Verizon
verizon ,Verizon
Verizon Media,Verizon
verkada,verkada
Verkada,verkada
ViacomCBS,ViacomCBS
Viasat,Viasat
Vimeo,Vimeo
Virtu Financial,Virtu Financial
Virtu financial,Virtu Financial
virtusa,virtusa
Virtusa,virtusa
Visa,Visa
VISA,Visa
visa,Visa
Visa ,Visa
Visa Inc,Visa
Visa inc,Visa
Vistaprint,Vistaprint
vizio,vizio
VIZIO,vizio
Vizio,vizio
VMware,VMware
VMWare,VMware
vmware,VMware
VmWare,VMware
Vmware,VMware
Vmware ,VMware
VMware ,VMware
Volkswagen,Volkswagen
VolksWagen ,VolksWagen
Vonage,Vonage
Vonage ,Vonage
Vrbo,Vrbo
vrbo,Vrbo
Walmart,Walmart
walmart,Walmart
Walmart ,Walmart
walmart ,Walmart
Walmart Labs,Walmart Labs
Walmart labs,Walmart Labs
walmart labs,Walmart Labs
warby parker,Warby Parker
Warby Parker,Warby Parker
Warby Parker ,Warby Parker
WarnerMedia,WarnerMedia
Warnermedia,WarnerMedia
Wattpad,Wattpad
Wayfair,Wayfair
wayfair,Wayfair
Wayfair ,Wayfair
Waymo,Waymo
Wealthfront,Wealthfront
Wealthsimple,Wealthsimple
Wealthsimple ,Wealthsimple
Weave,Weave
Webflow,Webflow
Weedmaps,Weedmaps
Wells Fargo,Wells Fargo
wells fargo,Wells Fargo
Wells fargo,Wells Fargo
Wells Fargo ,Wells Fargo
WePay,WePay
Wepay,WePay
Western Digital,Western Digital
Western DIgital,Western Digital
Western digital,Western Digital
Western Digital ,Western Digital
WeWork,WeWork
wework,WeWork
Wework,WeWork
WHOOP,WHOOP
Willis Towers Watson,Willis Towers Watson
Willis towers watson ,Willis Towers Watson
Wipro,Wipro
wipro,Wipro
Wipro Limited,Wipro
Wise,Wise
Wish,Wish
wish,Wish
Wix,Wix
Wolters Kluwer,Wolters Kluwer
Workday,Workday
workday,Workday
Workday ,Workday
Workhuman,Workhuman
Workiva,Workiva
World Wide Technology,World Wide Technology
World wide technology ,World wide technology
WP Engine,WP Engine
Xandr,Xandr
Xendit,Xendit
Xero,Xero
Xilinx,Xilinx
XILINX,Xilinx
Xing,Xing
XING,Xing
XPO Logistics,XPO Logistics
Yahoo,Yahoo
yahoo,Yahoo
Yahoo ,Yahoo
Yandex,Yandex
yandex,Yandex
Yelp,Yelp
yelp,Yelp
Yelp ,Yelp
Yext,Yext
Yext ,Yext
Zalando,Zalando
zapier,zapier
Zapier,zapier
Zappos,Zappos
Zebra Technologies,Zebra Technologies
Zendesk,Zendesk
zendesk,Zendesk
Zenefits,Zenefits
Zeta,Zeta
Zillow,Zillow
zillow,Zillow
Zillow Group,Zillow Group
zillow group,Zillow Group
ZipRecruiter,ZipRecruiter
Zocdoc,Zocdoc
Zoho,Zoho
Zomato,Zomato
zoom,zoom
Zoom,zoom
Zoominfo,Zoominfo
zoominfo,Zoominfo
ZoomInfo,Zoominfo
Zoominfo ,Zoominfo
Zoox,Zoox
zoox,Zoox
ZS,ZS
ZS Associates,ZS
ZS associates ,ZS
Zscaler,Zscaler
Zulily,Zulily
Zynga,Zynga
zynga,Zynga
